rank,file,t_sec,score,U,A,D,n_boxes,n_ambiguous,empty,selected
1,frame_0070.jpg,28.0,0.6719,0.601,0.5714,1.0,5,4,False,True
2,frame_0071.jpg,28.4,0.6312,0.5195,0.5714,1.0,6,4,False,False
3,frame_0072.jpg,28.8,0.6237,0.5902,0.4286,1.0,6,3,False,False
4,frame_0000.jpg,0.0,0.6031,0.4634,0.5714,1.0,6,4,False,True
5,frame_0289.jpg,115.6,0.603,0.7305,0.2857,0.76,3,2,False,True
6,frame_0328.jpg,131.2,0.6028,0.5737,1.0,0.08,11,7,False,True
7,frame_0025.jpg,10.0,0.5877,0.6896,0.1429,1.0,1,1,False,True
8,frame_0127.jpg,50.8,0.5791,0.4954,0.5714,0.8,4,4,False,True
9,frame_0073.jpg,29.2,0.5678,0.4784,0.4286,1.0,6,3,False,False
10,frame_0291.jpg,116.4,0.5662,0.4535,0.5714,0.84,6,4,False,False
11,frame_0069.jpg,27.6,0.5628,0.4684,0.4286,1.0,4,3,False,False
12,frame_0287.jpg,114.8,0.5584,0.5877,0.4286,0.68,6,3,False,False
13,frame_0074.jpg,29.6,0.5573,0.3718,0.5714,1.0,6,4,False,False
14,frame_0079.jpg,31.6,0.5354,0.408,0.5714,0.8,7,4,False,True
15,frame_0031.jpg,12.4,0.5281,0.399,0.4286,1.0,7,3,False,True
16,frame_0376.jpg,150.4,0.5273,0.562,0.7143,0.16,7,5,False,True
17,frame_0375.jpg,150.0,0.5241,0.5396,0.7143,0.2,8,5,False,False
18,frame_0295.jpg,118.0,0.5076,0.4861,0.4286,0.68,4,3,False,True
19,frame_0277.jpg,110.8,0.5063,0.4721,0.7143,0.28,7,5,False,True
20,frame_0294.jpg,117.6,0.5039,0.4626,0.4286,0.72,5,3,False,False
21,frame_0275.jpg,110.0,0.5001,0.5773,0.5714,0.2,7,4,False,False
22,frame_0276.jpg,110.4,0.4914,0.5439,0.5714,0.24,8,4,False,False
23,frame_0130.jpg,52.0,0.49,0.4405,0.2857,0.92,3,2,False,False
24,frame_0293.jpg,117.2,0.4809,0.315,0.5714,0.76,6,4,False,False
25,frame_0126.jpg,50.4,0.4768,0.3925,0.4286,0.76,6,3,False,False
26,frame_0327.jpg,130.8,0.474,0.5891,0.5714,0.04,7,4,False,False
27,frame_0128.jpg,51.2,0.4707,0.3482,0.4286,0.84,6,3,False,False
28,frame_0125.jpg,50.0,0.469,0.3928,0.4286,0.72,5,3,False,False
29,frame_0170.jpg,68.0,0.469,0.4032,0.5714,0.48,4,4,False,True
30,frame_0377.jpg,150.8,0.4689,0.5469,0.5714,0.12,8,4,False,False
31,frame_0329.jpg,131.6,0.4684,0.5619,0.5714,0.08,10,4,False,False
32,frame_0033.jpg,13.2,0.4674,0.2776,0.4286,1.0,5,3,False,False
33,frame_0274.jpg,109.6,0.464,0.4354,0.7143,0.16,6,5,False,False
34,frame_0077.jpg,30.8,0.4612,0.3132,0.4286,0.88,7,3,False,False
35,frame_0374.jpg,149.6,0.4592,0.4955,0.5714,0.2,9,4,False,False
36,frame_0129.jpg,51.6,0.4585,0.3936,0.2857,0.88,5,2,False,False
37,frame_0297.jpg,118.8,0.4572,0.4172,0.4286,0.6,4,3,False,False
38,frame_0011.jpg,4.4,0.457,0.3426,0.2857,1.0,2,2,False,False
39,frame_0387.jpg,154.8,0.4563,0.4897,0.5714,0.2,10,4,False,False
40,frame_0284.jpg,113.6,0.4559,0.5163,0.2857,0.56,4,2,False,False
41,frame_0024.jpg,9.6,0.4552,0.4246,0.1429,1.0,1,1,False,False
42,frame_0167.jpg,66.8,0.454,0.4108,0.4286,0.6,6,3,False,False
43,frame_0015.jpg,6.0,0.4536,0.25,0.4286,1.0,5,3,False,False
44,frame_0106.jpg,42.4,0.4522,0.5455,0.5714,0.04,6,4,False,False
45,frame_0210.jpg,84.0,0.4521,0.4607,0.2857,0.68,2,2,False,False
46,frame_0317.jpg,126.8,0.4516,0.4804,0.5714,0.2,7,4,False,False
47,frame_0001.jpg,0.4,0.4497,0.3279,0.2857,1.0,6,2,False,False
48,frame_0029.jpg,11.6,0.4486,0.3258,0.2857,1.0,4,2,False,False
49,frame_0032.jpg,12.8,0.4485,0.3255,0.2857,1.0,6,2,False,False
50,frame_0330.jpg,132.0,0.4467,0.5345,0.5714,0.04,7,4,False,False
51,frame_0075.jpg,30.0,0.4466,0.3377,0.2857,0.96,6,2,False,False
52,frame_0131.jpg,52.4,0.4462,0.337,0.2857,0.96,4,2,False,False
53,frame_0076.jpg,30.4,0.4427,0.346,0.2857,0.92,5,2,False,False
54,frame_0367.jpg,146.8,0.4414,0.4222,0.7143,0.08,8,5,False,False
55,frame_0397.jpg,158.8,0.4407,0.4585,0.5714,0.2,5,4,False,False
56,frame_0301.jpg,120.4,0.4386,0.4441,0.4286,0.44,5,3,False,False
57,frame_0010.jpg,4.0,0.4364,0.387,0.1429,1.0,2,1,False,False
58,frame_0288.jpg,115.2,0.4357,0.412,0.2857,0.72,7,2,False,False
59,frame_0298.jpg,119.2,0.429,0.3769,0.4286,0.56,5,3,False,False
60,frame_0286.jpg,114.4,0.4284,0.4294,0.2857,0.64,6,2,False,False
61,frame_0007.jpg,2.8,0.4282,0.285,0.2857,1.0,4,2,False,False
62,frame_0316.jpg,126.4,0.4235,0.4401,0.5714,0.16,7,4,False,False
63,frame_0133.jpg,53.2,0.4227,0.274,0.2857,1.0,6,2,False,False
64,frame_0280.jpg,112.0,0.4177,0.4183,0.4286,0.4,4,3,False,False
65,frame_0296.jpg,118.4,0.4173,0.3215,0.4286,0.64,5,3,False,False
66,frame_0279.jpg,111.6,0.4171,0.4331,0.4286,0.36,5,3,False,False
67,frame_0384.jpg,153.6,0.4165,0.4262,0.5714,0.16,6,4,False,False
68,frame_0399.jpg,159.6,0.4133,0.5431,0.2857,0.28,3,2,False,False
69,frame_0012.jpg,4.8,0.4087,0.3316,0.1429,1.0,1,1,False,False
70,frame_0183.jpg,73.2,0.4083,0.4577,0.5714,0.04,4,4,False,False
71,frame_0123.jpg,49.2,0.4076,0.3878,0.2857,0.64,4,2,False,False
72,frame_0004.jpg,1.6,0.4074,0.2434,0.2857,1.0,4,2,False,False
73,frame_0373.jpg,149.2,0.4069,0.407,0.5714,0.16,7,4,False,False
74,frame_0292.jpg,116.8,0.4063,0.3212,0.2857,0.8,6,2,False,False
75,frame_0209.jpg,83.6,0.4055,0.3515,0.2857,0.72,2,2,False,False
76,frame_0379.jpg,151.6,0.4028,0.4468,0.5714,0.04,9,4,False,False
77,frame_0386.jpg,154.4,0.4012,0.4493,0.4286,0.24,8,3,False,False
78,frame_0318.jpg,127.2,0.3991,0.445,0.4286,0.24,6,3,False,False
79,frame_0174.jpg,69.6,0.3957,0.4063,0.4286,0.32,3,3,False,False
80,frame_0017.jpg,6.8,0.3948,0.3039,0.1429,1.0,3,1,False,False
81,frame_0122.jpg,48.8,0.3921,0.3727,0.2857,0.6,3,2,False,False
82,frame_0230.jpg,92.0,0.3917,0.4783,0.4286,0.12,8,3,False,False
83,frame_0333.jpg,133.2,0.3915,0.4938,0.4286,0.08,9,3,False,False
84,frame_0278.jpg,111.2,0.3901,0.3951,0.4286,0.32,6,3,False,False
85,frame_0224.jpg,89.6,0.3891,0.4731,0.4286,0.12,5,3,False,False
86,frame_0285.jpg,114.0,0.3844,0.3574,0.2857,0.6,5,2,False,False
87,frame_0184.jpg,73.6,0.38,0.3852,0.5714,0.08,5,4,False,False
88,frame_0281.jpg,112.4,0.378,0.4085,0.2857,0.44,4,2,False,False
89,frame_0396.jpg,158.4,0.3765,0.4318,0.4286,0.16,5,3,False,False
90,frame_0008.jpg,3.2,0.3764,0.3527,0.0,1.0,4,0,False,False
91,frame_0013.jpg,5.2,0.3763,0.2669,0.1429,1.0,3,1,False,False
92,frame_0111.jpg,44.4,0.3758,0.5161,0.2857,0.16,3,2,False,False
93,frame_0124.jpg,49.6,0.3753,0.3071,0.2857,0.68,3,2,False,False
94,frame_0220.jpg,88.0,0.3721,0.4607,0.2857,0.28,2,2,False,False
95,frame_0290.jpg,116.0,0.3711,0.3365,0.1429,0.8,6,1,False,False
96,frame_0067.jpg,26.8,0.37,0.2542,0.1429,1.0,5,1,False,False
97,frame_0299.jpg,119.6,0.3693,0.3592,0.2857,0.52,6,2,False,False
98,frame_0006.jpg,2.4,0.3679,0.2501,0.1429,1.0,3,1,False,False
99,frame_0068.jpg,27.2,0.3679,0.2501,0.1429,1.0,6,1,False,False
100,frame_0304.jpg,121.6,0.3672,0.3492,0.4286,0.32,4,3,False,False
101,frame_0121.jpg,48.4,0.3665,0.4232,0.1429,0.56,3,1,False,False
102,frame_0002.jpg,0.8,0.3657,0.2456,0.1429,1.0,7,1,False,False
103,frame_0398.jpg,159.2,0.3638,0.3744,0.4286,0.24,7,3,False,False
104,frame_0168.jpg,67.2,0.3623,0.3292,0.2857,0.56,6,2,False,False
105,frame_0027.jpg,10.8,0.3589,0.2321,0.1429,1.0,2,1,False,False
106,frame_0225.jpg,90.0,0.3554,0.4217,0.4286,0.08,4,3,False,False
107,frame_0078.jpg,31.2,0.3552,0.2887,0.1429,0.84,5,1,False,False
108,frame_0018.jpg,7.2,0.3545,0.2232,0.1429,1.0,3,1,False,False
109,frame_0175.jpg,70.0,0.3532,0.3373,0.4286,0.28,5,3,False,False
110,frame_0169.jpg,67.6,0.3496,0.3197,0.2857,0.52,4,2,False,False
111,frame_0003.jpg,1.2,0.3488,0.2118,0.1429,1.0,4,1,False,False
112,frame_0378.jpg,151.2,0.3468,0.4044,0.4286,0.08,9,3,False,False
113,frame_0315.jpg,126.0,0.3464,0.3877,0.4286,0.12,6,3,False,False
114,frame_0113.jpg,45.2,0.3458,0.3384,0.4286,0.24,6,3,False,False
115,frame_0028.jpg,11.2,0.3457,0.2913,0.0,1.0,2,0,False,False
116,frame_0177.jpg,70.8,0.3445,0.3518,0.4286,0.2,5,3,False,False
117,frame_0132.jpg,52.8,0.3419,0.1981,0.1429,1.0,4,1,False,False
118,frame_0090.jpg,36.0,0.3404,0.3654,0.2857,0.36,3,2,False,False
119,frame_0087.jpg,34.8,0.3396,0.4014,0.1429,0.48,2,1,False,False
120,frame_0114.jpg,45.6,0.3393,0.3094,0.4286,0.28,5,3,False,False
121,frame_0095.jpg,38.0,0.3386,0.356,0.4286,0.16,5,3,False,False
122,frame_0185.jpg,74.0,0.3379,0.3866,0.4286,0.08,7,3,False,False
123,frame_0271.jpg,108.4,0.3369,0.4863,0.2857,0.04,2,2,False,False
124,frame_0219.jpg,87.6,0.3331,0.3667,0.2857,0.32,3,2,False,False
125,frame_0388.jpg,155.2,0.3291,0.3371,0.4286,0.16,9,3,False,False
126,frame_0332.jpg,132.8,0.329,0.3848,0.4286,0.04,8,3,False,False
127,frame_0218.jpg,87.2,0.3274,0.4251,0.1429,0.36,2,1,False,False
128,frame_0112.jpg,44.8,0.3248,0.3981,0.2857,0.2,5,2,False,False
129,frame_0086.jpg,34.4,0.3244,0.2693,0.2857,0.52,4,2,False,False
130,frame_0173.jpg,69.2,0.323,0.3306,0.2857,0.36,5,2,False,False
131,frame_0302.jpg,120.8,0.3228,0.3141,0.2857,0.4,6,2,False,False
132,frame_0088.jpg,35.2,0.3222,0.2969,0.2857,0.44,3,2,False,False
133,frame_0368.jpg,147.2,0.3207,0.3682,0.4286,0.04,8,3,False,False
134,frame_0300.jpg,120.0,0.3181,0.2728,0.2857,0.48,4,2,False,False
135,frame_0089.jpg,35.6,0.313,0.2946,0.2857,0.4,5,2,False,False
136,frame_0320.jpg,128.0,0.312,0.3565,0.2857,0.24,6,2,False,False
137,frame_0005.jpg,2.0,0.3083,0.2165,0.0,1.0,4,0,False,False
138,frame_0026.jpg,10.4,0.3056,0.2112,0.0,1.0,3,0,False,False
139,frame_0171.jpg,68.4,0.3054,0.2633,0.2857,0.44,4,2,False,False
140,frame_0306.jpg,122.4,0.301,0.3346,0.2857,0.24,7,2,False,False
141,frame_0232.jpg,92.8,0.3004,0.3494,0.2857,0.2,4,2,False,False
142,frame_0390.jpg,156.0,0.2994,0.3096,0.4286,0.08,12,3,False,False
143,frame_0233.jpg,93.2,0.2989,0.3303,0.2857,0.24,6,2,False,False
144,frame_0217.jpg,86.8,0.2986,0.3514,0.1429,0.4,1,1,False,False
145,frame_0021.jpg,8.4,0.2957,0.1913,0.0,1.0,4,0,False,False
146,frame_0081.jpg,32.4,0.2938,0.2139,0.1429,0.72,5,1,False,False
147,frame_0016.jpg,6.4,0.2921,0.1842,0.0,1.0,4,0,False,False
148,frame_0231.jpg,92.4,0.2917,0.348,0.2857,0.16,8,2,False,False
149,frame_0023.jpg,9.2,0.2913,0.1826,0.0,1.0,2,0,False,False
150,frame_0385.jpg,154.0,0.2908,0.3302,0.2857,0.2,5,2,False,False
151,frame_0325.jpg,130.0,0.2905,0.3078,0.4286,0.04,7,3,False,False
152,frame_0189.jpg,75.6,0.2899,0.3764,0.2857,0.08,3,2,False,False
153,frame_0030.jpg,12.0,0.2898,0.1796,0.0,1.0,5,0,False,False
154,frame_0211.jpg,84.4,0.2884,0.235,0.1429,0.64,2,1,False,False
155,frame_0100.jpg,40.0,0.2876,0.3877,0.2857,0.04,4,2,False,False
156,frame_0208.jpg,83.2,0.2848,0.1799,0.1429,0.76,4,1,False,False
157,frame_0014.jpg,5.6,0.2843,0.1686,0.0,1.0,5,0,False,False
158,frame_0310.jpg,124.0,0.282,0.3605,0.2857,0.08,4,2,False,False
159,frame_0105.jpg,42.0,0.2787,0.3539,0.2857,0.08,5,2,False,False
160,frame_0009.jpg,3.6,0.2782,0.1563,0.0,1.0,2,0,False,False
161,frame_0395.jpg,158.0,0.2777,0.336,0.2857,0.12,5,2,False,False
162,frame_0093.jpg,37.2,0.2772,0.3727,0.1429,0.24,2,1,False,False
163,frame_0022.jpg,8.8,0.275,0.15,0.0,1.0,4,0,False,False
164,frame_0307.jpg,122.8,0.2748,0.2981,0.2857,0.2,6,2,False,False
165,frame_0321.jpg,128.4,0.2717,0.292,0.2857,0.2,5,2,False,False
166,frame_0116.jpg,46.4,0.2701,0.3105,0.1429,0.36,6,1,False,False
167,frame_0221.jpg,88.4,0.2688,0.2702,0.2857,0.24,4,2,False,False
168,frame_0196.jpg,78.4,0.2683,0.3068,0.1429,0.36,1,1,False,False
169,frame_0273.jpg,109.2,0.268,0.3166,0.2857,0.12,5,2,False,False
170,frame_0115.jpg,46.0,0.2667,0.234,0.2857,0.32,5,2,False,False
171,frame_0303.jpg,121.2,0.2667,0.3037,0.1429,0.36,5,1,False,False
172,frame_0020.jpg,8.0,0.2649,0.1298,0.0,1.0,2,0,False,False
173,frame_0214.jpg,85.6,0.2643,0.2349,0.1429,0.52,3,1,False,False
174,frame_0223.jpg,89.2,0.2642,0.3787,0.1429,0.16,4,1,False,False
175,frame_0120.jpg,48.0,0.2636,0.2334,0.1429,0.52,4,1,False,False
176,frame_0019.jpg,7.6,0.2631,0.1262,0.0,1.0,2,0,False,False
177,frame_0282.jpg,112.8,0.2626,0.2475,0.1429,0.48,4,1,False,False
178,frame_0216.jpg,86.4,0.256,0.3361,0.0,0.44,4,0,False,False
179,frame_0229.jpg,91.6,0.2552,0.307,0.2857,0.08,9,2,False,False
180,frame_0094.jpg,37.6,0.2548,0.2582,0.2857,0.2,5,2,False,False
181,frame_0283.jpg,113.2,0.2539,0.2141,0.1429,0.52,5,1,False,False
182,frame_0193.jpg,77.2,0.2535,0.2395,0.2857,0.24,5,2,False,False
183,frame_0092.jpg,36.8,0.2515,0.3052,0.1429,0.28,2,1,False,False
184,frame_0228.jpg,91.2,0.2515,0.3156,0.2857,0.04,5,2,False,False
185,frame_0203.jpg,81.2,0.2486,0.2412,0.0,0.64,2,0,False,False
186,frame_0091.jpg,36.4,0.2485,0.2833,0.1429,0.32,3,1,False,False
187,frame_0098.jpg,39.2,0.2478,0.3082,0.2857,0.04,4,2,False,False
188,frame_0222.jpg,88.8,0.2436,0.2358,0.2857,0.2,5,2,False,False
189,frame_0176.jpg,70.4,0.2431,0.3044,0.1429,0.24,6,1,False,False
190,frame_0082.jpg,32.8,0.2408,0.2095,0.0,0.68,2,0,False,False
191,frame_0226.jpg,90.4,0.2404,0.2933,0.2857,0.04,4,2,False,False
192,frame_0313.jpg,125.2,0.2401,0.2927,0.2857,0.04,3,2,False,False
193,frame_0109.jpg,43.6,0.2393,0.2751,0.2857,0.08,6,2,False,False
194,frame_0108.jpg,43.2,0.238,0.2886,0.2857,0.04,6,2,False,False
195,frame_0393.jpg,157.2,0.2362,0.2849,0.2857,0.04,4,2,False,False
196,frame_0269.jpg,107.6,0.2361,0.2847,0.2857,0.04,4,2,False,False
197,frame_0117.jpg,46.8,0.2355,0.2252,0.1429,0.4,5,1,False,False
198,frame_0080.jpg,32.0,0.2353,0.1666,0.0,0.76,5,0,False,False
199,frame_0097.jpg,38.8,0.2333,0.2632,0.2857,0.08,4,2,False,False
200,frame_0322.jpg,128.8,0.233,0.3163,0.1429,0.16,3,1,False,False
201,frame_0204.jpg,81.6,0.2329,0.1939,0.0,0.68,3,0,False,False
202,frame_0118.jpg,47.2,0.2326,0.2035,0.1429,0.44,4,1,False,False
203,frame_0305.jpg,122.0,0.232,0.2663,0.1429,0.28,5,1,False,False
204,frame_0372.jpg,148.8,0.2294,0.3251,0.1429,0.12,6,1,False,False
205,frame_0309.jpg,123.6,0.2289,0.2384,0.2857,0.12,5,2,False,False
206,frame_0207.jpg,82.8,0.2286,0.1372,0.0,0.8,4,0,False,False
207,frame_0192.jpg,76.8,0.228,0.2903,0.1429,0.2,3,1,False,False
208,frame_0205.jpg,82.0,0.2258,0.1637,0.0,0.72,2,0,False,False
209,frame_0178.jpg,71.2,0.2256,0.3014,0.1429,0.16,6,1,False,False
210,frame_0181.jpg,72.4,0.2234,0.2593,0.2857,0.04,4,2,False,False
211,frame_0206.jpg,82.4,0.2232,0.1423,0.0,0.76,2,0,False,False
212,frame_0083.jpg,33.2,0.2228,0.1896,0.0,0.64,3,0,False,False
213,frame_0381.jpg,152.4,0.2226,0.3434,0.1429,0.04,5,1,False,False
214,frame_0391.jpg,156.4,0.2198,0.2522,0.2857,0.04,5,2,False,False
215,frame_0180.jpg,72.0,0.2152,0.3127,0.1429,0.08,3,1,False,False
216,frame_0383.jpg,153.2,0.2144,0.295,0.1429,0.12,5,1,False,False
217,frame_0202.jpg,80.8,0.2139,0.1878,0.0,0.6,4,0,False,False
218,frame_0319.jpg,127.6,0.2122,0.2267,0.1429,0.28,7,1,False,False
219,frame_0308.jpg,123.2,0.2116,0.2735,0.1429,0.16,6,1,False,False
220,frame_0212.jpg,84.8,0.2067,0.1734,0.0,0.6,2,0,False,False
221,frame_0084.jpg,33.6,0.2061,0.1721,0.0,0.6,2,0,False,False
222,frame_0179.jpg,71.6,0.2048,0.2758,0.1429,0.12,5,1,False,False
223,frame_0085.jpg,34.0,0.2038,0.1835,0.0,0.56,4,0,False,False
224,frame_0197.jpg,78.8,0.203,0.246,0.0,0.4,1,0,False,False
225,frame_0104.jpg,41.6,0.2029,0.2721,0.1429,0.12,3,1,False,False
226,frame_0267.jpg,106.8,0.2012,0.2687,0.1429,0.12,4,1,False,False
227,frame_0268.jpg,107.2,0.201,0.2842,0.1429,0.08,5,1,False,False
228,frame_0389.jpg,155.6,0.1963,0.2588,0.1429,0.12,8,1,False,False
229,frame_0272.jpg,108.8,0.1956,0.2735,0.1429,0.08,3,1,False,False
230,frame_0102.jpg,40.8,0.1941,0.2544,0.1429,0.12,6,1,False,False
231,frame_0370.jpg,148.0,0.1941,0.2864,0.1429,0.04,7,1,False,False
232,frame_0101.jpg,40.4,0.1923,0.2668,0.1429,0.08,5,1,False,False
233,frame_0186.jpg,74.4,0.1915,0.2812,0.1429,0.04,8,1,False,False
234,frame_0103.jpg,41.2,0.1891,0.2284,0.1429,0.16,5,1,False,False
235,frame_0215.jpg,86.0,0.1846,0.1772,0.0,0.48,4,0,False,False
236,frame_0324.jpg,129.6,0.1842,0.2507,0.1429,0.08,6,1,False,False
237,frame_0096.jpg,38.4,0.1821,0.2305,0.1429,0.12,6,1,False,False
238,frame_0394.jpg,157.6,0.1816,0.2454,0.1429,0.08,4,1,False,False
239,frame_0119.jpg,47.6,0.1808,0.1695,0.0,0.48,3,0,False,False
240,frame_0213.jpg,85.2,0.1806,0.1371,0.0,0.56,2,0,False,False
241,frame_0323.jpg,129.2,0.1786,0.2235,0.1429,0.12,4,1,False,False
242,frame_0199.jpg,79.6,0.1778,0.1636,0.0,0.48,1,0,False,False
243,frame_0188.jpg,75.2,0.1773,0.2529,0.1429,0.04,6,1,False,False
244,frame_0201.jpg,80.4,0.1759,0.1278,0.0,0.56,2,0,False,False
245,frame_0314.jpg,125.6,0.173,0.2283,0.1429,0.08,5,1,False,False
246,frame_0200.jpg,80.0,0.172,0.136,0.0,0.52,1,0,False,False
247,frame_0172.jpg,68.8,0.165,0.17,0.0,0.4,6,0,False,False
248,frame_0195.jpg,78.0,0.1598,0.1915,0.0,0.32,3,0,False,False
249,frame_0371.jpg,148.4,0.1584,0.199,0.1429,0.08,5,1,False,False
250,frame_0198.jpg,79.2,0.148,0.12,0.0,0.44,1,0,False,False
251,frame_0191.jpg,76.4,0.1348,0.2057,0.0,0.16,3,0,False,False
252,frame_0194.jpg,77.6,0.1324,0.1528,0.0,0.28,4,0,False,False
253,frame_0311.jpg,124.4,0.1269,0.2378,0.0,0.04,1,0,False,False
254,frame_0110.jpg,44.0,0.123,0.1979,0.0,0.12,4,0,False,False
255,frame_0190.jpg,76.0,0.116,0.184,0.0,0.12,2,0,False,False
256,frame_0382.jpg,152.8,0.1,0.168,0.0,0.08,7,0,False,False
